component_id,lot_id,burnin_hours,leakage_current_ua,iddq_ma,propagation_delay_ns,chamber_temp_c,static_spec_fail,archetype,true_latent_defect,leakage_0h,leakage_24h,leakage_96h,leakage_168h
IC_A_001,LOT_A_2026,0.0,9.707,1.4569,8.412,125.0,0,HEALTHY_STABLE,0,9.707,9.614,10.274,10.499
IC_A_001,LOT_A_2026,24.0,9.614,1.4607,8.374,125.0,0,HEALTHY_STABLE,0,9.707,9.614,10.274,10.499
IC_A_001,LOT_A_2026,96.0,10.274,1.4997,8.478,125.0,0,HEALTHY_STABLE,0,9.707,9.614,10.274,10.499
IC_A_001,LOT_A_2026,168.0,10.499,1.5057,8.575,125.0,0,HEALTHY_STABLE,0,9.707,9.614,10.274,10.499
IC_A_002,LOT_A_2026,0.0,39.349,2.6171,8.228,125.0,0,LATENT_DEFECT_LOT_OUTLIER,1,39.349,38.613,41.456,47.268
IC_A_002,LOT_A_2026,24.0,38.613,2.6508,8.59,125.0,0,LATENT_DEFECT_LOT_OUTLIER,1,39.349,38.613,41.456,47.268
IC_A_002,LOT_A_2026,96.0,41.456,2.7857,9.206,125.0,0,LATENT_DEFECT_LOT_OUTLIER,1,39.349,38.613,41.456,47.268
IC_A_002,LOT_A_2026,168.0,47.268,2.955,9.84,125.0,0,LATENT_DEFECT_LOT_OUTLIER,1,39.349,38.613,41.456,47.268
IC_A_003,LOT_A_2026,0.0,9.85,1.493,8.283,125.0,0,HEALTHY_STABLE,0,9.85,10.029,10.684,11.23
IC_A_003,LOT_A_2026,24.0,10.029,1.4837,8.289,125.0,0,HEALTHY_STABLE,0,9.85,10.029,10.684,11.23
IC_A_003,LOT_A_2026,96.0,10.684,1.5199,8.422,125.0,0,HEALTHY_STABLE,0,9.85,10.029,10.684,11.23
IC_A_003,LOT_A_2026,168.0,11.23,1.5432,8.461,125.0,0,HEALTHY_STABLE,0,9.85,10.029,10.684,11.23
IC_A_004,LOT_A_2026,0.0,9.679,1.4614,8.464,125.0,0,HEALTHY_STABLE,0,9.679,9.715,10.316,10.662
IC_A_004,LOT_A_2026,24.0,9.715,1.4786,8.562,125.0,0,HEALTHY_STABLE,0,9.679,9.715,10.316,10.662
IC_A_004,LOT_A_2026,96.0,10.316,1.5021,8.604,125.0,0,HEALTHY_STABLE,0,9.679,9.715,10.316,10.662
IC_A_004,LOT_A_2026,168.0,10.662,1.5173,8.712,125.0,0,HEALTHY_STABLE,0,9.679,9.715,10.316,10.662
IC_A_005,LOT_A_2026,0.0,37.422,2.5455,8.345,125.0,0,LATENT_DEFECT_LOT_OUTLIER,1,37.422,41.724,44.118,47.912
IC_A_005,LOT_A_2026,24.0,41.724,2.552,8.573,125.0,0,LATENT_DEFECT_LOT_OUTLIER,1,37.422,41.724,44.118,47.912
IC_A_005,LOT_A_2026,96.0,44.118,2.7196,9.295,125.0,0,LATENT_DEFECT_LOT_OUTLIER,1,37.422,41.724,44.118,47.912
IC_A_005,LOT_A_2026,168.0,47.912,2.8863,10.109,125.0,0,LATENT_DEFECT_LOT_OUTLIER,1,37.422,41.724,44.118,47.912
IC_A_006,LOT_A_2026,0.0,10.011,1.3926,8.382,125.0,0,ACCELERATING_DRIFT,1,10.011,12.065,18.114,25.154
IC_A_006,LOT_A_2026,24.0,12.065,1.518,8.716,125.0,0,ACCELERATING_DRIFT,1,10.011,12.065,18.114,25.154
IC_A_006,LOT_A_2026,96.0,18.114,1.7975,9.79,125.0,0,ACCELERATING_DRIFT,1,10.011,12.065,18.114,25.154
IC_A_006,LOT_A_2026,168.0,25.154,2.0907,10.907,125.0,0,ACCELERATING_DRIFT,1,10.011,12.065,18.114,25.154
IC_A_007,LOT_A_2026,0.0,9.372,1.4954,8.368,125.0,0,HEALTHY_STABLE,0,9.372,9.782,10.199,10.545
IC_A_007,LOT_A_2026,24.0,9.782,1.509,8.402,125.0,0,HEALTHY_STABLE,0,9.372,9.782,10.199,10.545
IC_A_007,LOT_A_2026,96.0,10.199,1.5397,8.486,125.0,0,HEALTHY_STABLE,0,9.372,9.782,10.199,10.545
IC_A_007,LOT_A_2026,168.0,10.545,1.5523,8.576,125.0,0,HEALTHY_STABLE,0,9.372,9.782,10.199,10.545
IC_A_008,LOT_A_2026,0.0,10.116,1.4866,8.517,125.0,0,HEALTHY_STABLE,0,10.116,9.931,10.424,10.93
IC_A_008,LOT_A_2026,24.0,9.931,1.5088,8.565,125.0,0,HEALTHY_STABLE,0,10.116,9.931,10.424,10.93
IC_A_008,LOT_A_2026,96.0,10.424,1.5188,8.574,125.0,0,HEALTHY_STABLE,0,10.116,9.931,10.424,10.93
IC_A_008,LOT_A_2026,168.0,10.93,1.5306,8.645,125.0,0,HEALTHY_STABLE,0,10.116,9.931,10.424,10.93
IC_A_009,LOT_A_2026,0.0,10.19,1.4095,8.435,125.0,0,MILD_DRIFT,0,10.19,10.593,12.022,13.19
IC_A_009,LOT_A_2026,24.0,10.593,1.4382,8.565,125.0,0,MILD_DRIFT,0,10.19,10.593,12.022,13.19
IC_A_009,LOT_A_2026,96.0,12.022,1.5039,8.826,125.0,0,MILD_DRIFT,0,10.19,10.593,12.022,13.19
IC_A_009,LOT_A_2026,168.0,13.19,1.5458,8.923,125.0,0,MILD_DRIFT,0,10.19,10.593,12.022,13.19
IC_A_010,LOT_A_2026,0.0,10.514,1.4743,8.409,125.0,0,HEALTHY_STABLE,0,10.514,10.655,11.332,11.583
IC_A_010,LOT_A_2026,24.0,10.655,1.481,8.432,125.0,0,HEALTHY_STABLE,0,10.514,10.655,11.332,11.583
IC_A_010,LOT_A_2026,96.0,11.332,1.5044,8.49,125.0,0,HEALTHY_STABLE,0,10.514,10.655,11.332,11.583
IC_A_010,LOT_A_2026,168.0,11.583,1.5115,8.621,125.0,0,HEALTHY_STABLE,0,10.514,10.655,11.332,11.583
IC_A_011,LOT_A_2026,0.0,10.449,1.4921,8.447,125.0,0,HEALTHY_STABLE,0,10.449,10.247,10.848,11.726
IC_A_011,LOT_A_2026,24.0,10.247,1.5002,8.493,125.0,0,HEALTHY_STABLE,0,10.449,10.247,10.848,11.726
IC_A_011,LOT_A_2026,96.0,10.848,1.5416,8.555,125.0,0,HEALTHY_STABLE,0,10.449,10.247,10.848,11.726
IC_A_011,LOT_A_2026,168.0,11.726,1.5521,8.568,125.0,0,HEALTHY_STABLE,0,10.449,10.247,10.848,11.726
IC_A_012,LOT_A_2026,0.0,9.953,1.4143,8.462,125.0,0,MILD_DRIFT,0,9.953,10.407,11.647,12.823
IC_A_012,LOT_A_2026,24.0,10.407,1.4179,8.475,125.0,0,MILD_DRIFT,0,9.953,10.407,11.647,12.823
IC_A_012,LOT_A_2026,96.0,11.647,1.4925,8.743,125.0,0,MILD_DRIFT,0,9.953,10.407,11.647,12.823
IC_A_012,LOT_A_2026,168.0,12.823,1.5433,8.964,125.0,0,MILD_DRIFT,0,9.953,10.407,11.647,12.823
IC_A_013,LOT_A_2026,0.0,10.1,1.4264,8.538,125.0,0,HEALTHY_STABLE,0,10.1,10.093,10.578,11.104
IC_A_013,LOT_A_2026,24.0,10.093,1.4387,8.557,125.0,0,HEALTHY_STABLE,0,10.1,10.093,10.578,11.104
IC_A_013,LOT_A_2026,96.0,10.578,1.4495,8.609,125.0,0,HEALTHY_STABLE,0,10.1,10.093,10.578,11.104
IC_A_013,LOT_A_2026,168.0,11.104,1.4768,8.717,125.0,0,HEALTHY_STABLE,0,10.1,10.093,10.578,11.104
IC_A_014,LOT_A_2026,0.0,9.956,1.4957,8.442,125.0,0,MILD_DRIFT,0,9.956,10.399,12.078,12.785
IC_A_014,LOT_A_2026,24.0,10.399,1.5025,8.54,125.0,0,MILD_DRIFT,0,9.956,10.399,12.078,12.785
IC_A_014,LOT_A_2026,96.0,12.078,1.5463,8.774,125.0,0,MILD_DRIFT,0,9.956,10.399,12.078,12.785
IC_A_014,LOT_A_2026,168.0,12.785,1.6178,9.002,125.0,0,MILD_DRIFT,0,9.956,10.399,12.078,12.785
IC_A_015,LOT_A_2026,0.0,10.434,1.479,8.51,125.0,0,HEALTHY_STABLE,0,10.434,10.973,11.266,11.565
IC_A_015,LOT_A_2026,24.0,10.973,1.4706,8.479,125.0,0,HEALTHY_STABLE,0,10.434,10.973,11.266,11.565
IC_A_015,LOT_A_2026,96.0,11.266,1.4944,8.532,125.0,0,HEALTHY_STABLE,0,10.434,10.973,11.266,11.565
IC_A_015,LOT_A_2026,168.0,11.565,1.4889,8.6,125.0,0,HEALTHY_STABLE,0,10.434,10.973,11.266,11.565
IC_A_016,LOT_A_2026,0.0,10.929,1.4351,8.297,125.0,0,HEALTHY_STABLE,0,10.929,10.946,11.013,11.566
IC_A_016,LOT_A_2026,24.0,10.946,1.4594,8.39,125.0,0,HEALTHY_STABLE,0,10.929,10.946,11.013,11.566
IC_A_016,LOT_A_2026,96.0,11.013,1.455,8.469,125.0,0,HEALTHY_STABLE,0,10.929,10.946,11.013,11.566
IC_A_016,LOT_A_2026,168.0,11.566,1.4858,8.526,125.0,0,HEALTHY_STABLE,0,10.929,10.946,11.013,11.566
IC_A_017,LOT_A_2026,0.0,9.976,1.3927,8.231,125.0,0,HEALTHY_STABLE,0,9.976,10.368,10.498,11.061
IC_A_017,LOT_A_2026,24.0,10.368,1.4331,8.291,125.0,0,HEALTHY_STABLE,0,9.976,10.368,10.498,11.061
IC_A_017,LOT_A_2026,96.0,10.498,1.4421,8.437,125.0,0,HEALTHY_STABLE,0,9.976,10.368,10.498,11.061
IC_A_017,LOT_A_2026,168.0,11.061,1.4722,8.432,125.0,0,HEALTHY_STABLE,0,9.976,10.368,10.498,11.061
IC_A_018,LOT_A_2026,0.0,10.262,1.4422,8.53,125.0,0,HEALTHY_STABLE,0,10.262,9.876,10.643,10.958
IC_A_018,LOT_A_2026,24.0,9.876,1.4602,8.508,125.0,0,HEALTHY_STABLE,0,10.262,9.876,10.643,10.958
IC_A_018,LOT_A_2026,96.0,10.643,1.4771,8.556,125.0,0,HEALTHY_STABLE,0,10.262,9.876,10.643,10.958
IC_A_018,LOT_A_2026,168.0,10.958,1.499,8.66,125.0,0,HEALTHY_STABLE,0,10.262,9.876,10.643,10.958
IC_A_019,LOT_A_2026,0.0,10.468,1.5018,8.463,125.0,0,HEALTHY_STABLE,0,10.468,10.608,10.774,11.622
IC_A_019,LOT_A_2026,24.0,10.608,1.5082,8.407,125.0,0,HEALTHY_STABLE,0,10.468,10.608,10.774,11.622
IC_A_019,LOT_A_2026,96.0,10.774,1.5302,8.567,125.0,0,HEALTHY_STABLE,0,10.468,10.608,10.774,11.622
IC_A_019,LOT_A_2026,168.0,11.622,1.5541,8.592,125.0,0,HEALTHY_STABLE,0,10.468,10.608,10.774,11.622
IC_A_020,LOT_A_2026,0.0,10.207,1.496,8.418,125.0,0,ACCELERATING_DRIFT,1,10.207,12.041,18.238,25.127
IC_A_020,LOT_A_2026,24.0,12.041,1.6002,8.792,125.0,0,ACCELERATING_DRIFT,1,10.207,12.041,18.238,25.127
IC_A_020,LOT_A_2026,96.0,18.238,1.9281,9.792,125.0,0,ACCELERATING_DRIFT,1,10.207,12.041,18.238,25.127
IC_A_020,LOT_A_2026,168.0,25.127,2.1974,10.962,125.0,0,ACCELERATING_DRIFT,1,10.207,12.041,18.238,25.127
IC_A_021,LOT_A_2026,0.0,40.816,2.5929,8.175,125.0,0,LATENT_DEFECT_LOT_OUTLIER,1,40.816,40.615,44.638,47.594
IC_A_021,LOT_A_2026,24.0,40.615,2.6461,8.409,125.0,0,LATENT_DEFECT_LOT_OUTLIER,1,40.816,40.615,44.638,47.594
IC_A_021,LOT_A_2026,96.0,44.638,2.7919,9.163,125.0,0,LATENT_DEFECT_LOT_OUTLIER,1,40.816,40.615,44.638,47.594
IC_A_021,LOT_A_2026,168.0,47.594,2.9172,9.838,125.0,0,LATENT_DEFECT_LOT_OUTLIER,1,40.816,40.615,44.638,47.594
IC_A_022,LOT_A_2026,0.0,10.673,1.4608,8.547,125.0,0,HEALTHY_STABLE,0,10.673,10.538,11.168,11.782
IC_A_022,LOT_A_2026,24.0,10.538,1.4695,8.563,125.0,0,HEALTHY_STABLE,0,10.673,10.538,11.168,11.782
IC_A_022,LOT_A_2026,96.0,11.168,1.483,8.659,125.0,0,HEALTHY_STABLE,0,10.673,10.538,11.168,11.782
IC_A_022,LOT_A_2026,168.0,11.782,1.5117,8.728,125.0,0,HEALTHY_STABLE,0,10.673,10.538,11.168,11.782
IC_A_023,LOT_A_2026,0.0,10.01,1.473,8.409,125.0,0,HEALTHY_STABLE,0,10.01,10.348,10.718,10.854
IC_A_023,LOT_A_2026,24.0,10.348,1.4796,8.418,125.0,0,HEALTHY_STABLE,0,10.01,10.348,10.718,10.854
IC_A_023,LOT_A_2026,96.0,10.718,1.5091,8.557,125.0,0,HEALTHY_STABLE,0,10.01,10.348,10.718,10.854
IC_A_023,LOT_A_2026,168.0,10.854,1.5285,8.531,125.0,0,HEALTHY_STABLE,0,10.01,10.348,10.718,10.854
IC_A_024,LOT_A_2026,0.0,10.2,1.3665,8.358,125.0,0,HEALTHY_STABLE,0,10.2,10.739,10.755,11.596
IC_A_024,LOT_A_2026,24.0,10.739,1.3817,8.354,125.0,0,HEALTHY_STABLE,0,10.2,10.739,10.755,11.596
IC_A_024,LOT_A_2026,96.0,10.755,1.3988,8.404,125.0,0,HEALTHY_STABLE,0,10.2,10.739,10.755,11.596
IC_A_024,LOT_A_2026,168.0,11.596,1.4272,8.501,125.0,0,HEALTHY_STABLE,0,10.2,10.739,10.755,11.596
IC_A_025,LOT_A_2026,0.0,51.987,5.2055,15.514,125.0,1,ABSOLUTE_SPEC_VIOLATION,1,51.987,53.552,59.672,65.667
IC_A_025,LOT_A_2026,24.0,53.552,5.302,15.735,125.0,1,ABSOLUTE_SPEC_VIOLATION,1,51.987,53.552,59.672,65.667
IC_A_025,LOT_A_2026,96.0,59.672,5.6852,16.475,125.0,1,ABSOLUTE_SPEC_VIOLATION,1,51.987,53.552,59.672,65.667
IC_A_025,LOT_A_2026,168.0,65.667,6.0462,17.164,125.0,1,ABSOLUTE_SPEC_VIOLATION,1,51.987,53.552,59.672,65.667
IC_A_026,LOT_A_2026,0.0,9.467,1.4436,8.405,125.0,0,HEALTHY_STABLE,0,9.467,9.696,10.169,10.378
IC_A_026,LOT_A_2026,24.0,9.696,1.4653,8.453,125.0,0,HEALTHY_STABLE,0,9.467,9.696,10.169,10.378
IC_A_026,LOT_A_2026,96.0,10.169,1.4848,8.583,125.0,0,HEALTHY_STABLE,0,9.467,9.696,10.169,10.378
IC_A_026,LOT_A_2026,168.0,10.378,1.5258,8.672,125.0,0,HEALTHY_STABLE,0,9.467,9.696,10.169,10.378
IC_A_027,LOT_A_2026,0.0,9.724,1.4306,8.532,125.0,0,ACCELERATING_DRIFT,1,9.724,11.288,17.827,24.723
IC_A_027,LOT_A_2026,24.0,11.288,1.5641,8.953,125.0,0,ACCELERATING_DRIFT,1,9.724,11.288,17.827,24.723
IC_A_027,LOT_A_2026,96.0,17.827,1.8272,9.88,125.0,0,ACCELERATING_DRIFT,1,9.724,11.288,17.827,24.723
IC_A_027,LOT_A_2026,168.0,24.723,2.1379,11.118,125.0,0,ACCELERATING_DRIFT,1,9.724,11.288,17.827,24.723
IC_A_028,LOT_A_2026,0.0,10.19,1.3812,8.312,125.0,0,SUDDEN_JUMP,1,10.19,32.599,34.107,35.333
IC_A_028,LOT_A_2026,24.0,32.599,2.1558,8.517,125.0,0,SUDDEN_JUMP,1,10.19,32.599,34.107,35.333
IC_A_028,LOT_A_2026,96.0,34.107,2.1631,8.758,125.0,0,SUDDEN_JUMP,1,10.19,32.599,34.107,35.333
IC_A_028,LOT_A_2026,168.0,35.333,2.1806,9.105,125.0,0,SUDDEN_JUMP,1,10.19,32.599,34.107,35.333
IC_A_029,LOT_A_2026,0.0,9.737,1.4166,8.313,125.0,0,MILD_DRIFT,0,9.737,10.262,11.556,12.973
IC_A_029,LOT_A_2026,24.0,10.262,1.4273,8.387,125.0,0,MILD_DRIFT,0,9.737,10.262,11.556,12.973
IC_A_029,LOT_A_2026,96.0,11.556,1.5129,8.643,125.0,0,MILD_DRIFT,0,9.737,10.262,11.556,12.973
IC_A_029,LOT_A_2026,168.0,12.973,1.5592,8.8,125.0,0,MILD_DRIFT,0,9.737,10.262,11.556,12.973
IC_A_030,LOT_A_2026,0.0,10.005,1.4527,8.219,125.0,0,HEALTHY_STABLE,0,10.005,10.338,11.27,11.096
IC_A_030,LOT_A_2026,24.0,10.338,1.452,8.203,125.0,0,HEALTHY_STABLE,0,10.005,10.338,11.27,11.096
IC_A_030,LOT_A_2026,96.0,11.27,1.479,8.262,125.0,0,HEALTHY_STABLE,0,10.005,10.338,11.27,11.096
IC_A_030,LOT_A_2026,168.0,11.096,1.4733,8.344,125.0,0,HEALTHY_STABLE,0,10.005,10.338,11.27,11.096
IC_B_031,LOT_B_2026,0.0,12.327,1.5904,8.583,125.0,0,HEALTHY_STABLE,0,12.327,12.602,13.099,13.789
IC_B_031,LOT_B_2026,24.0,12.602,1.6144,8.65,125.0,0,HEALTHY_STABLE,0,12.327,12.602,13.099,13.789
IC_B_031,LOT_B_2026,96.0,13.099,1.6181,8.69,125.0,0,HEALTHY_STABLE,0,12.327,12.602,13.099,13.789
IC_B_031,LOT_B_2026,168.0,13.789,1.6586,8.749,125.0,0,HEALTHY_STABLE,0,12.327,12.602,13.099,13.789
IC_B_032,LOT_B_2026,0.0,13.272,1.5841,8.52,125.0,0,HEALTHY_STABLE,0,13.272,13.361,13.62,14.016
IC_B_032,LOT_B_2026,24.0,13.361,1.5657,8.571,125.0,0,HEALTHY_STABLE,0,13.272,13.361,13.62,14.016
IC_B_032,LOT_B_2026,96.0,13.62,1.5851,8.659,125.0,0,HEALTHY_STABLE,0,13.272,13.361,13.62,14.016
IC_B_032,LOT_B_2026,168.0,14.016,1.6181,8.728,125.0,0,HEALTHY_STABLE,0,13.272,13.361,13.62,14.016
IC_B_033,LOT_B_2026,0.0,12.697,1.5894,8.708,125.0,0,HEALTHY_STABLE,0,12.697,12.879,13.475,13.579
IC_B_033,LOT_B_2026,24.0,12.879,1.6059,8.809,125.0,0,HEALTHY_STABLE,0,12.697,12.879,13.475,13.579
IC_B_033,LOT_B_2026,96.0,13.475,1.6347,8.797,125.0,0,HEALTHY_STABLE,0,12.697,12.879,13.475,13.579
IC_B_033,LOT_B_2026,168.0,13.579,1.637,8.9,125.0,0,HEALTHY_STABLE,0,12.697,12.879,13.475,13.579
IC_B_034,LOT_B_2026,0.0,11.499,1.5938,8.608,125.0,0,HEALTHY_STABLE,0,11.499,11.366,11.851,12.325
IC_B_034,LOT_B_2026,24.0,11.366,1.6111,8.635,125.0,0,HEALTHY_STABLE,0,11.499,11.366,11.851,12.325
IC_B_034,LOT_B_2026,96.0,11.851,1.6353,8.736,125.0,0,HEALTHY_STABLE,0,11.499,11.366,11.851,12.325
IC_B_034,LOT_B_2026,168.0,12.325,1.6691,8.744,125.0,0,HEALTHY_STABLE,0,11.499,11.366,11.851,12.325
IC_B_035,LOT_B_2026,0.0,40.563,3.0627,8.493,125.0,0,LATENT_DEFECT_LOT_OUTLIER,1,40.563,40.391,44.518,47.28
IC_B_035,LOT_B_2026,24.0,40.391,3.1001,8.757,125.0,0,LATENT_DEFECT_LOT_OUTLIER,1,40.563,40.391,44.518,47.28
IC_B_035,LOT_B_2026,96.0,44.518,3.2375,9.461,125.0,0,LATENT_DEFECT_LOT_OUTLIER,1,40.563,40.391,44.518,47.28
IC_B_035,LOT_B_2026,168.0,47.28,3.3828,10.093,125.0,0,LATENT_DEFECT_LOT_OUTLIER,1,40.563,40.391,44.518,47.28
IC_B_036,LOT_B_2026,0.0,12.339,1.6279,8.566,125.0,0,ACCELERATING_DRIFT,1,12.339,14.548,20.949,27.517
IC_B_036,LOT_B_2026,24.0,14.548,1.7444,9.103,125.0,0,ACCELERATING_DRIFT,1,12.339,14.548,20.949,27.517
IC_B_036,LOT_B_2026,96.0,20.949,2.0277,10.141,125.0,0,ACCELERATING_DRIFT,1,12.339,14.548,20.949,27.517
IC_B_036,LOT_B_2026,168.0,27.517,2.3248,11.218,125.0,0,ACCELERATING_DRIFT,1,12.339,14.548,20.949,27.517
IC_B_037,LOT_B_2026,0.0,12.506,1.6279,8.65,125.0,0,HEALTHY_STABLE,0,12.506,12.855,13.203,13.801
IC_B_037,LOT_B_2026,24.0,12.855,1.6308,8.622,125.0,0,HEALTHY_STABLE,0,12.506,12.855,13.203,13.801
IC_B_037,LOT_B_2026,96.0,13.203,1.6406,8.684,125.0,0,HEALTHY_STABLE,0,12.506,12.855,13.203,13.801
IC_B_037,LOT_B_2026,168.0,13.801,1.6772,8.77,125.0,0,HEALTHY_STABLE,0,12.506,12.855,13.203,13.801
IC_B_038,LOT_B_2026,0.0,37.85,2.8681,8.65,125.0,0,LATENT_DEFECT_LOT_OUTLIER,1,37.85,40.791,41.93,46.289
IC_B_038,LOT_B_2026,24.0,40.791,2.9168,8.936,125.0,0,LATENT_DEFECT_LOT_OUTLIER,1,37.85,40.791,41.93,46.289
IC_B_038,LOT_B_2026,96.0,41.93,3.0277,9.571,125.0,0,LATENT_DEFECT_LOT_OUTLIER,1,37.85,40.791,41.93,46.289
IC_B_038,LOT_B_2026,168.0,46.289,3.2097,10.279,125.0,0,LATENT_DEFECT_LOT_OUTLIER,1,37.85,40.791,41.93,46.289
IC_B_039,LOT_B_2026,0.0,12.579,1.7236,8.697,125.0,0,HEALTHY_STABLE,0,12.579,12.749,12.977,13.608
IC_B_039,LOT_B_2026,24.0,12.749,1.7174,8.711,125.0,0,HEALTHY_STABLE,0,12.579,12.749,12.977,13.608
IC_B_039,LOT_B_2026,96.0,12.977,1.7211,8.832,125.0,0,HEALTHY_STABLE,0,12.579,12.749,12.977,13.608
IC_B_039,LOT_B_2026,168.0,13.608,1.7571,8.845,125.0,0,HEALTHY_STABLE,0,12.579,12.749,12.977,13.608
IC_B_040,LOT_B_2026,0.0,12.559,1.6175,8.805,125.0,0,HEALTHY_STABLE,0,12.559,12.892,13.512,13.626
IC_B_040,LOT_B_2026,24.0,12.892,1.5993,8.784,125.0,0,HEALTHY_STABLE,0,12.559,12.892,13.512,13.626
IC_B_040,LOT_B_2026,96.0,13.512,1.6318,8.867,125.0,0,HEALTHY_STABLE,0,12.559,12.892,13.512,13.626
IC_B_040,LOT_B_2026,168.0,13.626,1.6493,9.027,125.0,0,HEALTHY_STABLE,0,12.559,12.892,13.512,13.626
IC_B_041,LOT_B_2026,0.0,11.852,1.6021,8.695,125.0,0,HEALTHY_STABLE,0,11.852,12.356,12.703,13.058
IC_B_041,LOT_B_2026,24.0,12.356,1.5828,8.693,125.0,0,HEALTHY_STABLE,0,11.852,12.356,12.703,13.058
IC_B_041,LOT_B_2026,96.0,12.703,1.6148,8.79,125.0,0,HEALTHY_STABLE,0,11.852,12.356,12.703,13.058
IC_B_041,LOT_B_2026,168.0,13.058,1.646,8.847,125.0,0,HEALTHY_STABLE,0,11.852,12.356,12.703,13.058
IC_B_042,LOT_B_2026,0.0,12.474,1.6025,8.685,125.0,0,MILD_DRIFT,0,12.474,12.91,14.249,15.747
IC_B_042,LOT_B_2026,24.0,12.91,1.62,8.761,125.0,0,MILD_DRIFT,0,12.474,12.91,14.249,15.747
IC_B_042,LOT_B_2026,96.0,14.249,1.6998,8.894,125.0,0,MILD_DRIFT,0,12.474,12.91,14.249,15.747
IC_B_042,LOT_B_2026,168.0,15.747,1.7548,9.127,125.0,0,MILD_DRIFT,0,12.474,12.91,14.249,15.747
IC_B_043,LOT_B_2026,0.0,12.695,1.5981,8.645,125.0,0,HEALTHY_STABLE,0,12.695,12.706,13.076,13.518
IC_B_043,LOT_B_2026,24.0,12.706,1.5963,8.724,125.0,0,HEALTHY_STABLE,0,12.695,12.706,13.076,13.518
IC_B_043,LOT_B_2026,96.0,13.076,1.6177,8.782,125.0,0,HEALTHY_STABLE,0,12.695,12.706,13.076,13.518
IC_B_043,LOT_B_2026,168.0,13.518,1.6329,8.856,125.0,0,HEALTHY_STABLE,0,12.695,12.706,13.076,13.518
IC_B_044,LOT_B_2026,0.0,12.412,1.5474,8.793,125.0,0,HEALTHY_STABLE,0,12.412,12.659,12.862,13.409
IC_B_044,LOT_B_2026,24.0,12.659,1.5547,8.83,125.0,0,HEALTHY_STABLE,0,12.412,12.659,12.862,13.409
IC_B_044,LOT_B_2026,96.0,12.862,1.5861,8.885,125.0,0,HEALTHY_STABLE,0,12.412,12.659,12.862,13.409
IC_B_044,LOT_B_2026,168.0,13.409,1.6048,8.902,125.0,0,HEALTHY_STABLE,0,12.412,12.659,12.862,13.409
IC_B_045,LOT_B_2026,0.0,11.74,1.5749,8.789,125.0,0,HEALTHY_STABLE,0,11.74,12.334,12.498,12.961
IC_B_045,LOT_B_2026,24.0,12.334,1.5528,8.803,125.0,0,HEALTHY_STABLE,0,11.74,12.334,12.498,12.961
IC_B_045,LOT_B_2026,96.0,12.498,1.6059,8.927,125.0,0,HEALTHY_STABLE,0,11.74,12.334,12.498,12.961
IC_B_045,LOT_B_2026,168.0,12.961,1.6312,9.064,125.0,0,HEALTHY_STABLE,0,11.74,12.334,12.498,12.961
IC_B_046,LOT_B_2026,0.0,12.772,1.6103,8.665,125.0,0,HEALTHY_STABLE,0,12.772,12.796,13.406,13.848
IC_B_046,LOT_B_2026,24.0,12.796,1.616,8.676,125.0,0,HEALTHY_STABLE,0,12.772,12.796,13.406,13.848
IC_B_046,LOT_B_2026,96.0,13.406,1.6186,8.808,125.0,0,HEALTHY_STABLE,0,12.772,12.796,13.406,13.848
IC_B_046,LOT_B_2026,168.0,13.848,1.6598,8.879,125.0,0,HEALTHY_STABLE,0,12.772,12.796,13.406,13.848
IC_B_047,LOT_B_2026,0.0,12.219,1.6242,8.613,125.0,0,MILD_DRIFT,0,12.219,12.478,13.914,15.324
IC_B_047,LOT_B_2026,24.0,12.478,1.6416,8.713,125.0,0,MILD_DRIFT,0,12.219,12.478,13.914,15.324
IC_B_047,LOT_B_2026,96.0,13.914,1.682,8.948,125.0,0,MILD_DRIFT,0,12.219,12.478,13.914,15.324
IC_B_047,LOT_B_2026,168.0,15.324,1.746,9.205,125.0,0,MILD_DRIFT,0,12.219,12.478,13.914,15.324
IC_B_048,LOT_B_2026,0.0,11.67,1.6267,8.701,125.0,0,HEALTHY_STABLE,0,11.67,11.961,12.547,13.072
IC_B_048,LOT_B_2026,24.0,11.961,1.6525,8.74,125.0,0,HEALTHY_STABLE,0,11.67,11.961,12.547,13.072
IC_B_048,LOT_B_2026,96.0,12.547,1.6415,8.813,125.0,0,HEALTHY_STABLE,0,11.67,11.961,12.547,13.072
IC_B_048,LOT_B_2026,168.0,13.072,1.6639,8.941,125.0,0,HEALTHY_STABLE,0,11.67,11.961,12.547,13.072
IC_B_049,LOT_B_2026,0.0,12.839,1.6037,8.626,125.0,0,HEALTHY_STABLE,0,12.839,12.646,13.294,13.901
IC_B_049,LOT_B_2026,24.0,12.646,1.6262,8.647,125.0,0,HEALTHY_STABLE,0,12.839,12.646,13.294,13.901
IC_B_049,LOT_B_2026,96.0,13.294,1.6583,8.706,125.0,0,HEALTHY_STABLE,0,12.839,12.646,13.294,13.901
IC_B_049,LOT_B_2026,168.0,13.901,1.6823,8.746,125.0,0,HEALTHY_STABLE,0,12.839,12.646,13.294,13.901
IC_B_050,LOT_B_2026,0.0,12.794,1.6044,8.688,125.0,0,HEALTHY_STABLE,0,12.794,13.055,13.333,13.684
IC_B_050,LOT_B_2026,24.0,13.055,1.624,8.765,125.0,0,HEALTHY_STABLE,0,12.794,13.055,13.333,13.684
IC_B_050,LOT_B_2026,96.0,13.333,1.6463,8.845,125.0,0,HEALTHY_STABLE,0,12.794,13.055,13.333,13.684
IC_B_050,LOT_B_2026,168.0,13.684,1.6685,8.875,125.0,0,HEALTHY_STABLE,0,12.794,13.055,13.333,13.684
IC_B_051,LOT_B_2026,0.0,12.103,1.6552,8.616,125.0,0,HEALTHY_STABLE,0,12.103,12.129,12.701,13.198
IC_B_051,LOT_B_2026,24.0,12.129,1.6688,8.724,125.0,0,HEALTHY_STABLE,0,12.103,12.129,12.701,13.198
IC_B_051,LOT_B_2026,96.0,12.701,1.6664,8.787,125.0,0,HEALTHY_STABLE,0,12.103,12.129,12.701,13.198
IC_B_051,LOT_B_2026,168.0,13.198,1.702,8.879,125.0,0,HEALTHY_STABLE,0,12.103,12.129,12.701,13.198
IC_B_052,LOT_B_2026,0.0,12.16,1.7065,8.711,125.0,0,HEALTHY_STABLE,0,12.16,12.292,12.601,13.119
IC_B_052,LOT_B_2026,24.0,12.292,1.695,8.679,125.0,0,HEALTHY_STABLE,0,12.16,12.292,12.601,13.119
IC_B_052,LOT_B_2026,96.0,12.601,1.7116,8.73,125.0,0,HEALTHY_STABLE,0,12.16,12.292,12.601,13.119
IC_B_052,LOT_B_2026,168.0,13.119,1.742,8.839,125.0,0,HEALTHY_STABLE,0,12.16,12.292,12.601,13.119
IC_B_053,LOT_B_2026,0.0,11.948,1.6504,8.664,125.0,0,HEALTHY_STABLE,0,11.948,12.391,12.659,13.163
IC_B_053,LOT_B_2026,24.0,12.391,1.6507,8.66,125.0,0,HEALTHY_STABLE,0,11.948,12.391,12.659,13.163
IC_B_053,LOT_B_2026,96.0,12.659,1.6509,8.761,125.0,0,HEALTHY_STABLE,0,11.948,12.391,12.659,13.163
IC_B_053,LOT_B_2026,168.0,13.163,1.6715,8.837,125.0,0,HEALTHY_STABLE,0,11.948,12.391,12.659,13.163
IC_B_054,LOT_B_2026,0.0,12.308,1.6662,8.621,125.0,0,SUDDEN_JUMP,1,12.308,35.008,36.585,37.735
IC_B_054,LOT_B_2026,24.0,35.008,2.4609,8.678,125.0,0,SUDDEN_JUMP,1,12.308,35.008,36.585,37.735
IC_B_054,LOT_B_2026,96.0,36.585,2.4927,9.002,125.0,0,SUDDEN_JUMP,1,12.308,35.008,36.585,37.735
IC_B_054,LOT_B_2026,168.0,37.735,2.4625,9.328,125.0,0,SUDDEN_JUMP,1,12.308,35.008,36.585,37.735
IC_B_055,LOT_B_2026,0.0,11.971,1.613,8.497,125.0,0,MILD_DRIFT,0,11.971,12.466,13.729,15.365
IC_B_055,LOT_B_2026,24.0,12.466,1.6233,8.618,125.0,0,MILD_DRIFT,0,11.971,12.466,13.729,15.365
IC_B_055,LOT_B_2026,96.0,13.729,1.6462,8.787,125.0,0,MILD_DRIFT,0,11.971,12.466,13.729,15.365
IC_B_055,LOT_B_2026,168.0,15.365,1.742,9.069,125.0,0,MILD_DRIFT,0,11.971,12.466,13.729,15.365
IC_B_056,LOT_B_2026,0.0,12.136,1.6344,8.689,125.0,0,HEALTHY_STABLE,0,12.136,12.267,12.831,13.077
IC_B_056,LOT_B_2026,24.0,12.267,1.6412,8.723,125.0,0,HEALTHY_STABLE,0,12.136,12.267,12.831,13.077
IC_B_056,LOT_B_2026,96.0,12.831,1.6586,8.755,125.0,0,HEALTHY_STABLE,0,12.136,12.267,12.831,13.077
IC_B_056,LOT_B_2026,168.0,13.077,1.6858,8.808,125.0,0,HEALTHY_STABLE,0,12.136,12.267,12.831,13.077
IC_B_057,LOT_B_2026,0.0,12.668,1.6242,8.633,125.0,0,HEALTHY_STABLE,0,12.668,12.815,13.041,13.715
IC_B_057,LOT_B_2026,24.0,12.815,1.6241,8.724,125.0,0,HEALTHY_STABLE,0,12.668,12.815,13.041,13.715
IC_B_057,LOT_B_2026,96.0,13.041,1.6598,8.78,125.0,0,HEALTHY_STABLE,0,12.668,12.815,13.041,13.715
IC_B_057,LOT_B_2026,168.0,13.715,1.6624,8.862,125.0,0,HEALTHY_STABLE,0,12.668,12.815,13.041,13.715
IC_B_058,LOT_B_2026,0.0,12.452,1.6263,8.751,125.0,0,HEALTHY_STABLE,0,12.452,12.509,13.274,13.584
IC_B_058,LOT_B_2026,24.0,12.509,1.6328,8.722,125.0,0,HEALTHY_STABLE,0,12.452,12.509,13.274,13.584
IC_B_058,LOT_B_2026,96.0,13.274,1.6379,8.798,125.0,0,HEALTHY_STABLE,0,12.452,12.509,13.274,13.584
IC_B_058,LOT_B_2026,168.0,13.584,1.6904,8.885,125.0,0,HEALTHY_STABLE,0,12.452,12.509,13.274,13.584
IC_B_059,LOT_B_2026,0.0,11.793,1.5902,8.607,125.0,0,MILD_DRIFT,0,11.793,12.42,13.376,14.66
IC_B_059,LOT_B_2026,24.0,12.42,1.616,8.642,125.0,0,MILD_DRIFT,0,11.793,12.42,13.376,14.66
IC_B_059,LOT_B_2026,96.0,13.376,1.6594,8.884,125.0,0,MILD_DRIFT,0,11.793,12.42,13.376,14.66
IC_B_059,LOT_B_2026,168.0,14.66,1.7347,9.108,125.0,0,MILD_DRIFT,0,11.793,12.42,13.376,14.66
IC_B_060,LOT_B_2026,0.0,12.405,1.5611,8.855,125.0,0,HEALTHY_STABLE,0,12.405,12.63,13.09,13.532
IC_B_060,LOT_B_2026,24.0,12.63,1.5628,8.882,125.0,0,HEALTHY_STABLE,0,12.405,12.63,13.09,13.532
IC_B_060,LOT_B_2026,96.0,13.09,1.592,8.946,125.0,0,HEALTHY_STABLE,0,12.405,12.63,13.09,13.532
IC_B_060,LOT_B_2026,168.0,13.532,1.5994,9.056,125.0,0,HEALTHY_STABLE,0,12.405,12.63,13.09,13.532
IC_C_061,LOT_C_2026,0.0,9.303,1.3423,8.064,125.0,0,HEALTHY_STABLE,0,9.303,9.255,10.075,10.332
IC_C_061,LOT_C_2026,24.0,9.255,1.3626,8.069,125.0,0,HEALTHY_STABLE,0,9.303,9.255,10.075,10.332
IC_C_061,LOT_C_2026,96.0,10.075,1.3757,8.159,125.0,0,HEALTHY_STABLE,0,9.303,9.255,10.075,10.332
IC_C_061,LOT_C_2026,168.0,10.332,1.3932,8.306,125.0,0,HEALTHY_STABLE,0,9.303,9.255,10.075,10.332
IC_C_062,LOT_C_2026,0.0,8.857,1.411,8.242,125.0,0,HEALTHY_STABLE,0,8.857,8.972,9.545,9.703
IC_C_062,LOT_C_2026,24.0,8.972,1.4337,8.293,125.0,0,HEALTHY_STABLE,0,8.857,8.972,9.545,9.703
IC_C_062,LOT_C_2026,96.0,9.545,1.4405,8.345,125.0,0,HEALTHY_STABLE,0,8.857,8.972,9.545,9.703
IC_C_062,LOT_C_2026,168.0,9.703,1.4594,8.39,125.0,0,HEALTHY_STABLE,0,8.857,8.972,9.545,9.703
IC_C_063,LOT_C_2026,0.0,8.969,1.3606,8.238,125.0,0,HEALTHY_STABLE,0,8.969,9.198,9.585,10.195
IC_C_063,LOT_C_2026,24.0,9.198,1.3535,8.252,125.0,0,HEALTHY_STABLE,0,8.969,9.198,9.585,10.195
IC_C_063,LOT_C_2026,96.0,9.585,1.3976,8.326,125.0,0,HEALTHY_STABLE,0,8.969,9.198,9.585,10.195
IC_C_063,LOT_C_2026,168.0,10.195,1.4079,8.37,125.0,0,HEALTHY_STABLE,0,8.969,9.198,9.585,10.195
IC_C_064,LOT_C_2026,0.0,39.417,2.5651,8.201,125.0,0,LATENT_DEFECT_LOT_OUTLIER,1,39.417,38.352,45.175,47.639
IC_C_064,LOT_C_2026,24.0,38.352,2.6138,8.436,125.0,0,LATENT_DEFECT_LOT_OUTLIER,1,39.417,38.352,45.175,47.639
IC_C_064,LOT_C_2026,96.0,45.175,2.7793,9.128,125.0,0,LATENT_DEFECT_LOT_OUTLIER,1,39.417,38.352,45.175,47.639
IC_C_064,LOT_C_2026,168.0,47.639,2.9144,10.007,125.0,0,LATENT_DEFECT_LOT_OUTLIER,1,39.417,38.352,45.175,47.639
IC_C_065,LOT_C_2026,0.0,8.911,1.4051,8.094,125.0,0,HEALTHY_STABLE,0,8.911,9.134,9.534,9.6
IC_C_065,LOT_C_2026,24.0,9.134,1.4162,8.139,125.0,0,HEALTHY_STABLE,0,8.911,9.134,9.534,9.6
IC_C_065,LOT_C_2026,96.0,9.534,1.4203,8.156,125.0,0,HEALTHY_STABLE,0,8.911,9.134,9.534,9.6
IC_C_065,LOT_C_2026,168.0,9.6,1.4806,8.252,125.0,0,HEALTHY_STABLE,0,8.911,9.134,9.534,9.6
IC_C_066,LOT_C_2026,0.0,10.01,1.3416,8.362,125.0,0,ACCELERATING_DRIFT,1,10.01,12.075,18.242,25.016
IC_C_066,LOT_C_2026,24.0,12.075,1.4566,8.668,125.0,0,ACCELERATING_DRIFT,1,10.01,12.075,18.242,25.016
IC_C_066,LOT_C_2026,96.0,18.242,1.7623,9.701,125.0,0,ACCELERATING_DRIFT,1,10.01,12.075,18.242,25.016
IC_C_066,LOT_C_2026,168.0,25.016,2.0446,10.867,125.0,0,ACCELERATING_DRIFT,1,10.01,12.075,18.242,25.016
IC_C_067,LOT_C_2026,0.0,9.173,1.4109,7.986,125.0,0,HEALTHY_STABLE,0,9.173,9.337,9.526,9.912
IC_C_067,LOT_C_2026,24.0,9.337,1.4288,8.025,125.0,0,HEALTHY_STABLE,0,9.173,9.337,9.526,9.912
IC_C_067,LOT_C_2026,96.0,9.526,1.4624,8.051,125.0,0,HEALTHY_STABLE,0,9.173,9.337,9.526,9.912
IC_C_067,LOT_C_2026,168.0,9.912,1.4702,8.082,125.0,0,HEALTHY_STABLE,0,9.173,9.337,9.526,9.912
IC_C_068,LOT_C_2026,0.0,37.893,2.3889,8.2,125.0,0,LATENT_DEFECT_LOT_OUTLIER,1,37.893,40.162,42.298,44.706
IC_C_068,LOT_C_2026,24.0,40.162,2.4276,8.419,125.0,0,LATENT_DEFECT_LOT_OUTLIER,1,37.893,40.162,42.298,44.706
IC_C_068,LOT_C_2026,96.0,42.298,2.5687,9.101,125.0,0,LATENT_DEFECT_LOT_OUTLIER,1,37.893,40.162,42.298,44.706
IC_C_068,LOT_C_2026,168.0,44.706,2.7225,9.84,125.0,0,LATENT_DEFECT_LOT_OUTLIER,1,37.893,40.162,42.298,44.706
IC_C_069,LOT_C_2026,0.0,9.215,1.3327,8.181,125.0,0,HEALTHY_STABLE,0,9.215,9.313,9.887,10.025
IC_C_069,LOT_C_2026,24.0,9.313,1.3503,8.201,125.0,0,HEALTHY_STABLE,0,9.215,9.313,9.887,10.025
IC_C_069,LOT_C_2026,96.0,9.887,1.3464,8.365,125.0,0,HEALTHY_STABLE,0,9.215,9.313,9.887,10.025
IC_C_069,LOT_C_2026,168.0,10.025,1.393,8.321,125.0,0,HEALTHY_STABLE,0,9.215,9.313,9.887,10.025
IC_C_070,LOT_C_2026,0.0,9.429,1.3572,8.418,125.0,0,MILD_DRIFT,0,9.429,9.964,11.546,12.639
IC_C_070,LOT_C_2026,24.0,9.964,1.3758,8.474,125.0,0,MILD_DRIFT,0,9.429,9.964,11.546,12.639
IC_C_070,LOT_C_2026,96.0,11.546,1.4313,8.685,125.0,0,MILD_DRIFT,0,9.429,9.964,11.546,12.639
IC_C_070,LOT_C_2026,168.0,12.639,1.5005,8.931,125.0,0,MILD_DRIFT,0,9.429,9.964,11.546,12.639
IC_C_071,LOT_C_2026,0.0,8.809,1.4553,8.115,125.0,0,HEALTHY_STABLE,0,8.809,8.959,9.393,9.929
IC_C_071,LOT_C_2026,24.0,8.959,1.4668,8.164,125.0,0,HEALTHY_STABLE,0,8.809,8.959,9.393,9.929
IC_C_071,LOT_C_2026,96.0,9.393,1.4572,8.191,125.0,0,HEALTHY_STABLE,0,8.809,8.959,9.393,9.929
IC_C_071,LOT_C_2026,168.0,9.929,1.5013,8.312,125.0,0,HEALTHY_STABLE,0,8.809,8.959,9.393,9.929
IC_C_072,LOT_C_2026,0.0,9.428,1.3742,8.18,125.0,0,HEALTHY_STABLE,0,9.428,9.382,9.881,10.264
IC_C_072,LOT_C_2026,24.0,9.382,1.3971,8.211,125.0,0,HEALTHY_STABLE,0,9.428,9.382,9.881,10.264
IC_C_072,LOT_C_2026,96.0,9.881,1.3813,8.289,125.0,0,HEALTHY_STABLE,0,9.428,9.382,9.881,10.264
IC_C_072,LOT_C_2026,168.0,10.264,1.4408,8.411,125.0,0,HEALTHY_STABLE,0,9.428,9.382,9.881,10.264
IC_C_073,LOT_C_2026,0.0,8.469,1.3481,8.205,125.0,0,MILD_DRIFT,0,8.469,8.559,9.755,11.426
IC_C_073,LOT_C_2026,24.0,8.559,1.3566,8.321,125.0,0,MILD_DRIFT,0,8.469,8.559,9.755,11.426
IC_C_073,LOT_C_2026,96.0,9.755,1.4528,8.516,125.0,0,MILD_DRIFT,0,8.469,8.559,9.755,11.426
IC_C_073,LOT_C_2026,168.0,11.426,1.4928,8.702,125.0,0,MILD_DRIFT,0,8.469,8.559,9.755,11.426
IC_C_074,LOT_C_2026,0.0,9.103,1.3479,8.123,125.0,0,ACCELERATING_DRIFT,1,9.103,11.147,17.751,24.702
IC_C_074,LOT_C_2026,24.0,11.147,1.4494,8.602,125.0,0,ACCELERATING_DRIFT,1,9.103,11.147,17.751,24.702
IC_C_074,LOT_C_2026,96.0,17.751,1.7024,9.562,125.0,0,ACCELERATING_DRIFT,1,9.103,11.147,17.751,24.702
IC_C_074,LOT_C_2026,168.0,24.702,2.0022,10.681,125.0,0,ACCELERATING_DRIFT,1,9.103,11.147,17.751,24.702
IC_C_075,LOT_C_2026,0.0,8.846,1.4036,8.357,125.0,0,HEALTHY_STABLE,0,8.846,9.166,9.398,10.001
IC_C_075,LOT_C_2026,24.0,9.166,1.4085,8.391,125.0,0,HEALTHY_STABLE,0,8.846,9.166,9.398,10.001
IC_C_075,LOT_C_2026,96.0,9.398,1.4356,8.485,125.0,0,HEALTHY_STABLE,0,8.846,9.166,9.398,10.001
IC_C_075,LOT_C_2026,168.0,10.001,1.4563,8.544,125.0,0,HEALTHY_STABLE,0,8.846,9.166,9.398,10.001
IC_C_076,LOT_C_2026,0.0,9.174,1.317,8.353,125.0,0,HEALTHY_STABLE,0,9.174,9.639,9.835,10.69
IC_C_076,LOT_C_2026,24.0,9.639,1.3281,8.436,125.0,0,HEALTHY_STABLE,0,9.174,9.639,9.835,10.69
IC_C_076,LOT_C_2026,96.0,9.835,1.3555,8.446,125.0,0,HEALTHY_STABLE,0,9.174,9.639,9.835,10.69
IC_C_076,LOT_C_2026,168.0,10.69,1.3624,8.552,125.0,0,HEALTHY_STABLE,0,9.174,9.639,9.835,10.69
IC_C_077,LOT_C_2026,0.0,9.302,1.3828,8.33,125.0,0,MILD_DRIFT,0,9.302,9.709,10.786,11.867
IC_C_077,LOT_C_2026,24.0,9.709,1.4005,8.404,125.0,0,MILD_DRIFT,0,9.302,9.709,10.786,11.867
IC_C_077,LOT_C_2026,96.0,10.786,1.4791,8.587,125.0,0,MILD_DRIFT,0,9.302,9.709,10.786,11.867
IC_C_077,LOT_C_2026,168.0,11.867,1.5134,8.856,125.0,0,MILD_DRIFT,0,9.302,9.709,10.786,11.867
IC_C_078,LOT_C_2026,0.0,51.943,5.1959,15.471,125.0,1,ABSOLUTE_SPEC_VIOLATION,1,51.943,53.768,59.685,65.207
IC_C_078,LOT_C_2026,24.0,53.768,5.307,15.679,125.0,1,ABSOLUTE_SPEC_VIOLATION,1,51.943,53.768,59.685,65.207
IC_C_078,LOT_C_2026,96.0,59.685,5.6646,16.472,125.0,1,ABSOLUTE_SPEC_VIOLATION,1,51.943,53.768,59.685,65.207
IC_C_078,LOT_C_2026,168.0,65.207,6.0466,17.222,125.0,1,ABSOLUTE_SPEC_VIOLATION,1,51.943,53.768,59.685,65.207
IC_C_079,LOT_C_2026,0.0,9.023,1.3281,8.321,125.0,0,HEALTHY_STABLE,0,9.023,8.889,9.401,9.976
IC_C_079,LOT_C_2026,24.0,8.889,1.3311,8.264,125.0,0,HEALTHY_STABLE,0,9.023,8.889,9.401,9.976
IC_C_079,LOT_C_2026,96.0,9.401,1.3503,8.368,125.0,0,HEALTHY_STABLE,0,9.023,8.889,9.401,9.976
IC_C_079,LOT_C_2026,168.0,9.976,1.378,8.477,125.0,0,HEALTHY_STABLE,0,9.023,8.889,9.401,9.976
IC_C_080,LOT_C_2026,0.0,39.266,2.4082,8.131,125.0,0,LATENT_DEFECT_LOT_OUTLIER,1,39.266,41.135,41.571,45.867
IC_C_080,LOT_C_2026,24.0,41.135,2.456,8.401,125.0,0,LATENT_DEFECT_LOT_OUTLIER,1,39.266,41.135,41.571,45.867
IC_C_080,LOT_C_2026,96.0,41.571,2.6165,9.075,125.0,0,LATENT_DEFECT_LOT_OUTLIER,1,39.266,41.135,41.571,45.867
IC_C_080,LOT_C_2026,168.0,45.867,2.7046,9.874,125.0,0,LATENT_DEFECT_LOT_OUTLIER,1,39.266,41.135,41.571,45.867
IC_C_081,LOT_C_2026,0.0,10.067,1.3373,8.284,125.0,0,HEALTHY_STABLE,0,10.067,10.149,10.813,10.994
IC_C_081,LOT_C_2026,24.0,10.149,1.3466,8.294,125.0,0,HEALTHY_STABLE,0,10.067,10.149,10.813,10.994
IC_C_081,LOT_C_2026,96.0,10.813,1.3692,8.398,125.0,0,HEALTHY_STABLE,0,10.067,10.149,10.813,10.994
IC_C_081,LOT_C_2026,168.0,10.994,1.3828,8.416,125.0,0,HEALTHY_STABLE,0,10.067,10.149,10.813,10.994
IC_C_082,LOT_C_2026,0.0,9.222,1.3859,8.198,125.0,0,MILD_DRIFT,0,9.222,9.613,10.788,12.037
IC_C_082,LOT_C_2026,24.0,9.613,1.4142,8.288,125.0,0,MILD_DRIFT,0,9.222,9.613,10.788,12.037
IC_C_082,LOT_C_2026,96.0,10.788,1.4448,8.455,125.0,0,MILD_DRIFT,0,9.222,9.613,10.788,12.037
IC_C_082,LOT_C_2026,168.0,12.037,1.5094,8.697,125.0,0,MILD_DRIFT,0,9.222,9.613,10.788,12.037
IC_C_083,LOT_C_2026,0.0,9.306,1.3533,8.029,125.0,0,HEALTHY_STABLE,0,9.306,9.59,9.787,10.308
IC_C_083,LOT_C_2026,24.0,9.59,1.3814,8.06,125.0,0,HEALTHY_STABLE,0,9.306,9.59,9.787,10.308
IC_C_083,LOT_C_2026,96.0,9.787,1.4013,8.128,125.0,0,HEALTHY_STABLE,0,9.306,9.59,9.787,10.308
IC_C_083,LOT_C_2026,168.0,10.308,1.4319,8.171,125.0,0,HEALTHY_STABLE,0,9.306,9.59,9.787,10.308
IC_C_084,LOT_C_2026,0.0,8.977,1.3572,8.175,125.0,0,HEALTHY_STABLE,0,8.977,9.18,9.754,10.184
IC_C_084,LOT_C_2026,24.0,9.18,1.367,8.229,125.0,0,HEALTHY_STABLE,0,8.977,9.18,9.754,10.184
IC_C_084,LOT_C_2026,96.0,9.754,1.3694,8.189,125.0,0,HEALTHY_STABLE,0,8.977,9.18,9.754,10.184
IC_C_084,LOT_C_2026,168.0,10.184,1.3922,8.331,125.0,0,HEALTHY_STABLE,0,8.977,9.18,9.754,10.184
IC_C_085,LOT_C_2026,0.0,9.797,1.367,8.283,125.0,0,HEALTHY_STABLE,0,9.797,9.768,10.14,10.542
IC_C_085,LOT_C_2026,24.0,9.768,1.3744,8.338,125.0,0,HEALTHY_STABLE,0,9.797,9.768,10.14,10.542
IC_C_085,LOT_C_2026,96.0,10.14,1.3972,8.35,125.0,0,HEALTHY_STABLE,0,9.797,9.768,10.14,10.542
IC_C_085,LOT_C_2026,168.0,10.542,1.4174,8.397,125.0,0,HEALTHY_STABLE,0,9.797,9.768,10.14,10.542
IC_C_086,LOT_C_2026,0.0,39.883,2.4643,7.992,125.0,0,LATENT_DEFECT_LOT_OUTLIER,1,39.883,39.591,43.972,47.862
IC_C_086,LOT_C_2026,24.0,39.591,2.5595,8.336,125.0,0,LATENT_DEFECT_LOT_OUTLIER,1,39.883,39.591,43.972,47.862
IC_C_086,LOT_C_2026,96.0,43.972,2.6948,8.987,125.0,0,LATENT_DEFECT_LOT_OUTLIER,1,39.883,39.591,43.972,47.862
IC_C_086,LOT_C_2026,168.0,47.862,2.8612,9.756,125.0,0,LATENT_DEFECT_LOT_OUTLIER,1,39.883,39.591,43.972,47.862
IC_C_087,LOT_C_2026,0.0,9.336,1.4001,8.138,125.0,0,MILD_DRIFT,0,9.336,9.756,11.052,12.214
IC_C_087,LOT_C_2026,24.0,9.756,1.4484,8.201,125.0,0,MILD_DRIFT,0,9.336,9.756,11.052,12.214
IC_C_087,LOT_C_2026,96.0,11.052,1.4911,8.41,125.0,0,MILD_DRIFT,0,9.336,9.756,11.052,12.214
IC_C_087,LOT_C_2026,168.0,12.214,1.5594,8.611,125.0,0,MILD_DRIFT,0,9.336,9.756,11.052,12.214
IC_C_088,LOT_C_2026,0.0,38.238,2.423,8.284,125.0,0,LATENT_DEFECT_LOT_OUTLIER,1,38.238,39.804,44.095,48.44
IC_C_088,LOT_C_2026,24.0,39.804,2.4502,8.481,125.0,0,LATENT_DEFECT_LOT_OUTLIER,1,38.238,39.804,44.095,48.44
IC_C_088,LOT_C_2026,96.0,44.095,2.6117,9.184,125.0,0,LATENT_DEFECT_LOT_OUTLIER,1,38.238,39.804,44.095,48.44
IC_C_088,LOT_C_2026,168.0,48.44,2.7318,9.98,125.0,0,LATENT_DEFECT_LOT_OUTLIER,1,38.238,39.804,44.095,48.44
IC_C_089,LOT_C_2026,0.0,52.089,5.1829,15.518,125.0,1,ABSOLUTE_SPEC_VIOLATION,1,52.089,54.004,59.488,65.527
IC_C_089,LOT_C_2026,24.0,54.004,5.3158,15.71,125.0,1,ABSOLUTE_SPEC_VIOLATION,1,52.089,54.004,59.488,65.527
IC_C_089,LOT_C_2026,96.0,59.488,5.6452,16.363,125.0,1,ABSOLUTE_SPEC_VIOLATION,1,52.089,54.004,59.488,65.527
IC_C_089,LOT_C_2026,168.0,65.527,6.043,17.156,125.0,1,ABSOLUTE_SPEC_VIOLATION,1,52.089,54.004,59.488,65.527
IC_C_090,LOT_C_2026,0.0,9.196,1.3865,8.277,125.0,0,HEALTHY_STABLE,0,9.196,9.254,9.717,10.251
IC_C_090,LOT_C_2026,24.0,9.254,1.397,8.354,125.0,0,HEALTHY_STABLE,0,9.196,9.254,9.717,10.251
IC_C_090,LOT_C_2026,96.0,9.717,1.4284,8.397,125.0,0,HEALTHY_STABLE,0,9.196,9.254,9.717,10.251
IC_C_090,LOT_C_2026,168.0,10.251,1.4445,8.411,125.0,0,HEALTHY_STABLE,0,9.196,9.254,9.717,10.251
